name,start,end,position,first,score
bl,0:03'57''137,0:03'58''214,bl,1,0
fl,0:03'58''214,0:03'58''558,tl,0,0
fh,0:03'58''558,0:03'59''133,br,0,1
fh,0:03'59''133,0:04'00''558,tl,0,0
bl,0:04'14''039,0:04'15''118,bl,1,0
bl,0:04'15''118,0:04'15''558,tr,0,0
fh,0:04'15''558,0:04'16''118,br,0,1
bl,0:04'29''137,0:04'30''235,bl,1,0
bh,0:04'30''235,0:04'30''398,tl,0,0
bl,0:04'30''398,0:04'30''798,bl,0,0
fh,0:04'30''798,0:04'32''038,tl,0,0
bl,0:04'32''038,0:04'32''322,bl,0,0
fh,0:04'32''322,0:04'33''118,tl,0,0
bh,0:04'33''118,0:04'33''039,bl,0,0
fl,0:04'33''039,0:04'34''478,tl,0,1
fh,0:04'34''478,0:04'34''870,bl,0,0
bl,0:04'58''261,0:04'59''478,tr,1,0
fl,0:04'59''478,0:04'59''838,bl,0,0
fl,0:04'59''838,0:05'00''278,tl,0,0
fh,0:05'00''278,0:05'00''758,bl,0,0
bh,0:05'00''758,0:05'01''358,tr,0,0
fh,0:05'01''358,0:05'02''518,br,0,0
bl ,0:05'02''518,0:05'03''078,tr,0,0
fh,0:05'03''078,0:05'03''318,bl,0,1
bl ,0:05'03''318,0:05'03''910,tr,0,0
bl ,0:05'17''239,0:05'18''421,bl,1,0
bh,0:05'18''421,0:05'18''438,tl,0,0
fh,0:05'18''438,0:05'18''999,bl,0,0
bh,0:05'18''999,0:05'19''638,tl,0,0
fl,0:05'19''638,0:05'19''999,bl,0,0
bh,0:05'19''999,0:05'20''729,tl,0,0
bl ,0:05'20''729,0:05'21''358,bl,0,0
bh,0:05'21''358,0:05'22''158,tl,0,0
fh,0:05'22''158,0:05'23''398,bl,0,0
fh,0:05'23''398,0:05'24''518,tr,0,0
bl,0:05'24''518,0:05'25''078,br,0,0
bh ,0:05'25''078,0:05'25''398,tl,0,0
fl ,0:05'25''398,0:05'25''758,br,0,0
fh,0:05'25''758,0:05'26''238,tr,0,0
bh,0:05'26''238,0:05'27''238,br,0,1
fh,0:05'27''238,0:05'27''399,tl,0,0
bl ,0:05'50''750,0:05'51''924,bl,1,0
bl ,0:06'07''329,0:06'08''537,tr,1,0
bh,0:06'08''537,0:06'08''679,br,0,0
bl ,0:06'08''679,0:06'08''878,tr,0,0
fh,0:06'08''878,0:06'10''922,bl,0,0
fl,0:06'10''922,0:06'11''359,tr,0,0
bh ,0:06'11''359,0:06'12''042,bl,0,0
bl ,0:06'12''042,0:06'13''158,tr,0,0
bh ,0:06'13''158,0:06'14''198,br,0,0
fl,0:06'14''198,0:06'14''598,tr,0,0
fh ,0:06'14''598,0:06'14''919,bl,0,0
fl,0:06'14''919,0:06'15''358,tl,0,0
fh ,0:06'15''358,0:06'16''038,br,0,0
fh ,0:06'16''038,0:06'16''798,tr,0,0
fh ,0:06'16''798,0:06'18''239,bl,0,0
fh ,0:06'18''239,0:06'18''762,tl,0,0
bh,0:06'18''762,0:06'19''478,bl,0,0
fl,0:06'19''478,0:06'19''958,tl,0,0
fh ,0:06'19''958,0:06'20''921,br,0,0
fh ,0:06'20''921,0:06'21''438,tr,0,0
fh ,0:06'21''438,0:06'22''479,br,0,1
bl,0:06'22''479,0:06'23''030,tr,0,0
bl,0:06'49''346,0:06'50''784,bl,1,0
fl,0:06'50''784,0:06'51''318,tr,0,0
bh,0:06'51''318,0:06'51''718,br,0,0
fh ,0:06'51''718,0:06'52''158,tr,0,1
bl,0:07'09''167,0:07'10''352,tr,1,0
fh ,0:07'10''352,0:07'10''761,bl,0,0
fl,0:07'10''761,0:07'11''318,tl,0,0
fh ,0:07'11''318,0:07'12''038,bl,0,0
fh ,0:07'12''038,0:07'12''518,tr,0,0
fh ,0:07'12''518,0:07'13''158,br,0,0
fl,0:07'13''158,0:07'13''678,tr,0,0
fl,0:07'13''678,0:07'14''478,br,0,0
fh ,0:07'14''478,0:07'15''958,tr,0,0
bl,0:07'15''958,0:07'16''399,bl,0,0
fh ,0:07'16''399,0:07'17''398,tl,0,1
bl,0:07'41''319,0:07'42''423,tl,1,0
fh ,0:07'42''423,0:07'42''919,br,0,0
bl,0:07'42''919,0:07'43''758,tr,0,0
fh ,0:07'43''758,0:07'45''092,bl,0,0
bh,0:07'45''092,0:07'45''597,tr,0,0
fh ,0:07'45''597,0:07'46''763,br,0,0
bl,0:07'46''763,0:07'47''128,tl,0,0
fh ,0:07'47''128,0:07'47''758,br,0,0
fl,0:07'47''758,0:07'48''679,tr,0,0
fh ,0:07'48''679,0:07'49''758,br,0,0
bl,0:07'49''758,0:07'50''359,tr,0,0
fh ,0:07'50''359,0:07'50''958,bl,0,1
bl,0:07'50''958,0:07'51''477,tl,0,0
bl,0:08'14''178,0:08'14''178,bl,1,0
bl,0:08'29''316,0:08'30''512,tr,1,0
bl,0:08'46''371,0:08'47''446,bl,1,0
bl,0:09'01''158,0:09'02''278,tr,1,0
fl,0:09'02''278,0:09'02''842,br,0,0
fl,0:09'02''842,0:09'03''202,tl,0,0
bh,0:09'03''202,0:09'03''718,bl,0,0
fh,0:09'03''718,0:09'04''133,tl,0,0
fh,0:09'04''133,0:09'05''238,br,0,0
bh,0:09'05''238,0:09'05''838,tl,0,0
fh,0:09'05''838,0:09'06''798,bl,0,0
bl,0:09'06''798,0:09'07''438,tl,0,0
fh,0:09'07''438,0:09'07''791,bl,0,0
fl,0:09'07''791,0:09'08''517,tl,0,0
fh,0:09'08''517,0:09'09''876,br,0,0
fl,0:09'09''876,0:09'10''247,tl,0,0
fh,0:09'10''247,0:09'11''278,br,0,0
fh,0:09'11''278,0:09'11''851,tr,0,0
fh,0:09'11''851,0:09'12''358,br,0,0
bh,0:09'12''358,0:09'12''878,tr,0,0
bl,0:09'12''878,0:09'13''639,bl,0,0
fh,0:09'13''639,0:09'15''082,tr,0,0
bh,0:09'15''082,0:09'15''362,br,0,0
fh,0:09'15''362,0:09'16''160,tr,0,0
bh,0:09'16''160,0:09'16''558,br,0,0
fh,0:09'16''558,0:09'17''118,tr,0,0
bh,0:09'17''118,0:09'17''478,br,0,0
fh,0:09'17''478,0:09'18''078,tr,0,0
bl,0:09'18''078,0:09'19''038,br,0,0
fh,0:09'19''038,0:09'20''238,tr,0,0
bh,0:09'20''238,0:09'20''560,br,0,0
bh,0:09'20''560,0:09'21''672,tr,0,0
fl,0:09'21''672,0:09'22''358,bl,0,0
fh,0:09'22''358,0:09'23''796,tl,0,1
bl,0:09'23''796,0:09'24''158,bl,0,0
bl,0:09'59''716,0:10'00''895,tl,1,0
fl,0:10'00''895,0:10'01''190,bl,0,0
bl,0:10'01''190,0:10'01''762,tr,0,0
fh,0:10'01''762,0:10'02''123,bl,0,0
fl,0:10'02''123,0:10'02''563,tl,0,0
fh,0:10'02''563,0:10'02''963,bl,0,1
bh,0:10'02''963,0:10'03''318,tr,0,0
bl,0:10'22''613,0:10'23''775,bl,1,0
fh,0:10'23''775,0:10'24''678,tl,0,0
fl,0:10'24''678,0:10'24''963,br,0,0
fl,0:10'24''963,0:10'25''318,tr,0,0
fh,0:10'25''318,0:10'25''794,bl,0,0
fh,0:10'25''794,0:10'26''358,tl,0,0
fl ,0:10'26''358,0:10'26''918,bl,0,0
fh,0:10'26''918,0:10'27''318,tl,0,0
bh,0:10'27''318,0:10'27''878,br,0,0
fh,0:10'27''878,0:10'28''478,tl,0,0
bl,0:10'28''478,0:10'29''478,br,0,1
fh,0:10'29''478,0:10'30''678,tl,0,0
bl,0:10'49''351,0:10'50''401,bl,1,0
fl,0:10'50''401,0:10'50''912,tr,0,1
fh,0:10'50''912,0:10'51''718,bl,0,0
bl,0:11'16''219,0:11'17''556,tr,1,0
fh,0:11'17''556,0:11'18''080,br,0,0
fl,0:11'18''080,0:11'18''559,tr,0,0
bh,0:11'18''559,0:11'19''279,bl,0,0
fl,0:11'19''279,0:11'19''922,tl,0,0
fh,0:11'19''922,0:11'21''158,br,0,0
bl,0:11'21''158,0:11'21''478,tr,0,0
bh,0:11'21''478,0:11'21''923,bl,0,0
bl,0:11'21''923,0:11'22''519,tr,0,0
fh,0:11'22''519,0:11'24''238,bl,0,0
bl,0:11'24''238,0:11'24''878,tl,0,0
fh,0:11'24''878,0:11'25''358,bl,0,0
fh,0:11'25''358,0:11'25''723,tl,0,0
fh,0:11'25''723,0:11'26''718,br,0,0
fl,0:11'26''718,0:11'27''078,tr,0,0
fh,0:11'27''078,0:11'27''838,br,0,0
fl,0:11'27''838,0:11'28''758,tl,0,0
fh,0:11'28''758,0:11'29''643,br,0,0
fl,0:11'29''643,0:11'30''478,tl,0,0
fh,0:11'30''478,0:11'32''039,bl,0,0
bh,0:11'32''039,0:11'32''999,tl,0,0
fh,0:11'32''999,0:11'33''359,bl,0,0
fl,0:11'33''359,0:11'34''079,tr,0,0
fh,0:11'34''079,0:11'34''598,br,0,1
bl,0:11'34''598,0:11'35''038,tl,0,0
bl,0:12'09''576,0:12'10''614,bl,1,0
fl,0:12'10''614,0:12'10''998,tl,0,0
bl,0:12'10''998,0:12'11''674,bl,0,0
fh,0:12'11''674,0:12'12''798,tr,0,0
bh,0:12'12''798,0:12'13''278,br,0,0
bh,0:12'13''278,0:12'13''878,tr,0,0
bh,0:12'13''878,0:12'14''479,br,0,0
bl,0:12'14''479,0:12'15''090,tr,0,1
fh,0:12'15''090,0:12'15''598,br,0,0
bl,0:12'39''357,0:12'40''588,tr,1,0
fh,0:12'40''588,0:12'41''078,bl,0,0
bh,0:12'41''078,0:12'41''480,tl,0,0
fh,0:12'41''480,0:12'41''998,bl,0,1
bl,0:12'41''998,0:12'42''478,tr,0,0
bl,0:13'47''019,0:13'48''034,bl,1,0
fl,0:13'48''034,0:13'48''679,tr,0,0
fh,0:13'48''679,0:13'49''764,bl,0,1
bl,0:13'49''764,0:13'50''242,tl,0,0
bl,0:14'04''436,0:14'05''524,bl,1,0
fl,0:14'05''524,0:14'05''958,tl,0,0
bh,0:14'05''958,0:14'06''398,bl,0,0
fh,0:14'06''398,0:14'06''838,tl,0,0
fl,0:14'06''838,0:14'07''360,br,0,0
fh,0:14'07''360,0:14'08''318,tr,0,0
fl,0:14'08''318,0:14'08''928,br,0,0
bh,0:14'08''928,0:14'09''239,tr,0,0
fl,0:14'09''239,0:14'10''119,br,0,0
fh,0:14'10''119,0:14'11''161,tr,0,1
bh,0:14'11''161,0:14'11''758,br,0,0
bl,0:14'33''291,0:14'34''452,tl,1,0
fh,0:14'34''452,0:14'35''028,br,0,0
fl,0:14'35''028,0:14'35''198,tl,0,0
fh,0:14'35''198,0:14'35''758,bl,0,1
bl,0:15'15''583,0:15'16''750,bl,1,0
fl,0:15'16''750,0:15'17''278,tr,0,0
fh,0:15'17''278,0:15'17''558,br,0,0
fh,0:15'17''558,0:15'17''718,tr,0,0
bl,0:15'17''718,0:15'18''124,br,0,1
fh,0:15'18''124,0:15'18''642,tl,0,0
bl,0:15'39''901,0:15'39''901,bl,1,0
fl,0:15'39''901,0:15'40''079,tl,0,0
bh,0:15'40''079,0:15'40''720,bl,0,0
fh,0:15'40''720,0:15'41''078,tl,0,0
fh,0:15'41''078,0:15'41''438,br,0,0
bh,0:15'41''438,0:15'42''118,tr,0,0
fh,0:15'42''118,0:15'43''128,br,0,0
fl,0:15'43''128,0:15'43''638,tr,0,0
fh,0:15'43''638,0:15'44''603,br,0,0
bl,0:15'44''603,0:15'45''360,tr,0,0
fh,0:15'45''360,0:15'46''954,br,0,0
bh,0:15'46''954,0:15'47''239,tr,0,0
fh,0:15'47''239,0:15'47''638,br,0,0
fl,0:15'47''638,0:15'48''278,tr,0,0
fh,0:15'48''278,0:15'49''163,br,0,0
bh,0:15'49''163,0:15'49''558,tr,0,0
fh,0:15'49''558,0:15'50''239,br,0,0
bl,0:15'50''239,0:15'50''999,tr,0,0
fh,0:15'50''999,0:15'52''282,bl,0,0
fl,0:15'52''282,0:15'53''199,tl,0,0
fh,0:15'53''199,0:15'54''638,br,0,0
fl,0:15'54''638,0:15'55''485,tr,0,0
fh,0:15'55''485,0:15'56''043,bl,0,0
bh,0:15'56''043,0:15'56''835,tr,0,0
bh,0:15'56''835,0:15'57''473,bl,0,0
fl,0:15'57''473,0:15'58''518,tl,0,0
fh,0:15'58''518,0:15'59''961,br,0,0
bh,0:15'59''961,0:16'00''638,tr,0,0
fh,0:16'00''638,0:16'00''998,bl,0,0
bl,0:16'00''998,0:16'01''481,tl,0,0
bh,0:16'01''481,0:16'02''119,bl,0,0
bl,0:16'02''119,0:16'02''884,tr,0,0
fh ,0:16'02''884,0:16'04''683,bl,0,1
bl,0:16'37''574,0:16'38''630,br,1,0
fl,0:16'38''630,0:16'39''158,tr,0,0
bh,0:16'39''158,0:16'39''319,bl,0,0
fh,0:16'39''319,0:16'39''840,tl,0,1
bl,0:17'05''416,0:17'06''694,tr,1,0
fl,0:17'06''694,0:17'07''244,bl,0,0
fl,0:17'07''244,0:17'07''596,tr,0,0
fh,0:17'07''596,0:17'07''838,br,0,0
bh,0:17'07''838,0:17'08''478,tr,0,0
bh,0:17'08''478,0:17'09''284,bl,0,0
bl,0:17'09''284,0:17'09''798,tr,0,0
fh,0:17'09''798,0:17'10''163,br,0,0
bh,0:17'10''163,0:17'10''438,tr,0,0
fh,0:17'10''438,0:17'11''038,bl,0,0
fh,0:17'11''038,0:17'11''762,tl,0,0
bh,0:17'11''762,0:17'12''283,bl,0,0
fl,0:17'12''283,0:17'13''158,tl,0,0
fh,0:17'13''158,0:17'14''524,bl,0,0
bh,0:17'14''524,0:17'14''998,tl,0,0
fh,0:17'14''998,0:17'15''717,bl,0,0
fl,0:17'15''717,0:17'16''358,tl,0,0
bh,0:17'16''358,0:17'16''758,bl,0,0
fl,0:17'16''758,0:17'17''278,tl,0,0
bh,0:17'17''278,0:17'17''840,bl,0,0
fl,0:17'17''840,0:17'18''639,tl,0,0
bh,0:17'18''639,0:17'19''038,bl,0,0
fl,0:17'19''038,0:17'19''441,tl,0,1
fl,0:17'19''441,0:17'20''558,br,0,0
bl,0:17'53''527,0:17'54''733,tr,1,0
fh,0:17'54''733,0:17'55''060,br,0,0
bh,0:17'55''060,0:17'55''198,tl,0,0
fh,0:17'55''198,0:17'56''378,bl,0,0
bl,0:17'56''378,0:17'56''918,tr,0,0
fh,0:17'56''918,0:17'58''399,bl,0,0
fl,0:17'58''399,0:17'59''002,tl,0,0
fh,0:17'59''002,0:17'59''759,br,0,0
bl,0:17'59''759,0:18'00''644,tr,0,0
fh,0:18'00''644,0:18'01''361,br,0,1
bl,0:18'01''361,0:18'01''869,tr,0,0
bl,0:18'19''038,0:18'20''123,bl,1,0
bh,0:18'20''123,0:18'20''959,tl,0,0
bh,0:18'20''959,0:18'21''358,bl,0,0
bl,0:18'21''358,0:18'21''838,tr,0,0
bh,0:18'21''838,0:18'22''240,bl,0,0
bh,0:18'22''240,0:18'22''844,tr,0,0
fh,0:18'22''844,0:18'23''476,br,0,0
bh,0:18'23''476,0:18'23''838,tr,0,0
fh,0:18'23''838,0:18'24''398,br,0,0
fl,0:18'24''398,0:18'24''553,tl,0,1
bl,0:18'45''649,0:18'46''805,tl,1,0
fl,0:18'46''805,0:18'47''118,bl,0,0
bl,0:18'47''118,0:18'47''718,tr,0,0
fh,0:18'47''718,0:18'49''283,br,0,0
fl,0:18'49''283,0:18'49''803,tl,0,0
fh,0:18'49''803,0:18'50''079,bl,0,0
fh,0:18'50''079,0:18'50''128,tl,0,0
fl,0:18'50''128,0:18'51''438,br,0,0
bl,0:18'51''438,0:18'52''158,tr,0,0
fh,0:18'52''158,0:18'53''600,br,0,1
bh,0:18'53''600,0:18'54''019,tr,0,0
bl,0:19'21''569,0:19'22''780,bl,1,0
fl,0:19'22''780,0:19'23''158,tr,0,0
fl,0:19'23''158,0:19'23''718,bl,0,0
fh,0:19'23''718,0:19'24''918,tr,0,0
bh,0:19'24''918,0:19'25''318,br,0,0
bh,0:19'25''318,0:19'25''798,tr,0,0
fl,0:19'25''798,0:19'26''478,br,0,1
bh,0:19'26''478,0:19'26''838,tr,0,0
bl,0:19'46''375,0:19'47''537,bl,1,0
fl,0:19'47''537,0:19'47''961,tl,0,1
fl,0:19'47''961,0:18'48''748,br,0,0
bl,0:20'07''180,0:20'08''275,tr,1,0
bl,0:20'08''275,0:20'08''519,br,0,0
bl,0:20'08''519,0:20'10''278,tr,0,0
fh,0:20'10''278,0:20'10''759,bl,0,0
fl,0:20'10''759,0:20'11''123,tr,0,0
fh,0:20'11''123,0:20'11''999,br,0,0
fl,0:20'11''999,0:20'12''878,tl,0,0
fh,0:20'12''878,0:20'14''078,bl,0,0
bl,0:20'14''078,0:20'14''958,tl,0,0
bh,0:20'14''958,0:20'15''438,bl,0,0
fl,0:20'15''438,0:20'16''202,tl,0,0
bh,0:20'16''202,0:20'16''919,bl,0,0
fl,0:20'16''919,0:20'17''838,tl,0,0
fh,0:20'17''838,0:20'18''519,br,0,0
bh,0:20'18''519,0:20'19''032,tl,0,0
fh,0:20'19''032,0:20'19''799,br,0,1
fl,0:20'19''799,0:20'20''522,tl,0,0
bl,0:20'38''759,0:20'39''839,bl,1,0
fl,0:20'39''839,0:20'40''241,tr,0,0
bh,0:20'40''241,0:20'40''958,br,0,0
fh,0:20'40''958,0:20'41''918,tr,0,0
bh,0:20'41''918,0:20'42''442,br,0,0
fh,0:20'42''442,0:20'42''996,tr,0,0
bh,0:20'42''996,0:20'43''834,bl,0,0
fl,0:20'43''834,0:20'44''518,tl,0,0
fh,0:20'44''518,0:20'45''842,bl,0,0
bl,0:20'45''842,0:20'46''404,tl,0,0
fh,0:20'46''404,0:20'46''918,bl,0,0
fl,0:20'46''918,0:20'47''511,tl,0,0
fl,0:20'47''511,0:20'48''558,bl,0,0
fl,0:20'48''558,0:20'49''279,tl,0,0
fh,0:20'49''279,0:20'50''278,bl,0,0
bh,0:20'50''278,0:20'50''843,tr,0,0
fh,0:20'50''843,0:20'51''398,bl,0,0
bh,0:20'51''398,0:20'51''958,tr,0,0
fh,0:20'51''958,0:20'53''278,bl,0,0
fl,0:20'53''278,0:20'54''038,tl,0,0
fh,0:20'54''038,0:20'55''520,bl,0,0
fh,0:20'55''520,0:20'55''638,tr,0,1
fh,0:20'55''638,0:20'56''518,br,0,0
bl,0:22'12''515,0:22'13''819,tr,1,0
fh,0:22'13''819,0:22'14''156,br,0,1
bl,0:22'30''037,0:22'31''125,bl,1,0
fl,0:22'31''125,0:22'31''638,tl,0,0
bh,0:22'31''638,0:22'31''879,bl,0,0
fh,0:22'31''879,0:22'32''238,tl,0,1
bl,0:22'53''573,0:22'54''619,tr,1,0
fh,0:22'54''619,0:22'55''260,br,0,0
fl,0:22'55''260,0:22'55''751,tl,0,0
bh,0:22'55''751,0:22'56''238,bl,0,0
bl,0:22'56''238,0:22'56''678,tl,0,0
bh,0:22'56''678,0:22'57''432,bl,0,0
fh,0:22'57''432,0:22'57''795,tl,0,0
bl,0:22'57''795,0:22'58''638,bl,0,0
bl,0:22'58''638,0:22'59''555,tr,0,0
fl,0:22'59''555,0:23'00''118,br,0,0
fh,0:23'00''118,0:23'01''278,tl,0,0
bh,0:23'01''278,0:23'01''758,br,0,0
fh,0:23'01''758,0:23'02''318,tl,0,0
bl,0:23'02''318,0:23'03''199,bl,0,0
fh,0:23'03''199,0:23'03''921,tl,0,0
bh,0:23'03''921,0:23'04''837,bl,0,0
fh,0:23'04''837,0:23'05''918,tl,0,0
fh,0:23'05''918,0:23'06''398,bl,0,0
fh,0:23'06''398,0:23'07''082,tl,0,0
fh,0:23'07''082,0:23'07''758,br,0,0
bh,0:23'07''758,0:23'08''081,tr,0,0
fh,0:23'08''081,0:23'09''710,br,0,0
fl,0:23'09''710,0:23'10''524,tr,0,0
fh,0:23'10''524,0:23'11''962,br,0,1
bl,0:25'41''682,0:25'42''899,tr,1,0
bh,0:25'42''899,0:25'43''398,br,0,0
bl,0:25'43''398,0:25'43''998,tr,0,0
fh,0:25'43''998,0:25'44''518,br,0,1
bl,0:26'00''583,0:26'01''747,br,1,0
bl,0:26'01''747,0:26'03''068,tl,0,0
fh,0:26'03''068,0:26'03''843,bl,0,0
bh,0:26'03''843,0:26'04''362,tr,0,0
fh,0:26'04''362,0:26'05''599,bl,0,0
bh,0:26'05''599,0:26'05''997,tl,0,1
bl,0:26'28''037,0:26'29''103,tr,1,0
fl,0:26'29''103,0:26'29''118,bl,0,0
fl,0:26'29''118,0:26'30''038,tr,0,0
fh,0:26'30''038,0:26'30''718,br,0,0
bl,0:26'30''718,0:26'31''105,tr,0,0
fh,0:26'31''105,0:26'31''442,br,0,0
fl,0:26'31''442,0:26'33''136,tr,0,0
bh,0:26'33''136,0:26'34''278,bl,0,0
fh,0:26'34''278,0:26'35''518,tl,0,0
fl,0:26'35''518,0:26'36''238,bl,0,0
fh,0:26'36''238,0:26'36''672,tl,0,0
bl,0:26'36''672,0:26'37''158,bl,0,0
fh,0:26'37''158,0:26'37''962,tr,0,1
bl,0:27'13''493,0:27'14''819,tr,1,0
fh,0:27'14''819,0:27'15''597,br,0,0
bh,0:27'15''597,0:27'16''040,tr,0,0
fh,0:27'16''040,0:27'16''601,br,0,0
bh,0:27'16''601,0:27'17''319,tr,0,0
fh,0:27'17''319,0:27'18''525,bl,0,1
bl,0:27'18''525,0:27'19''034,tl,0,0
bl,0:27'47''164,0:27'48''376,bl,1,0
fh,0:27'48''376,0:27'19''448,tl,0,0
bh,0:27'19''448,0:27'49''638,bl,0,0
fh,0:27'49''638,0:27'50''558,tl,0,0
bl,0:27'50''558,0:27'51''407,bl,0,0
fh,0:27'51''407,0:27'52''839,tr,0,0
bh,0:27'52''839,0:27'53''278,br,0,0
fh,0:27'53''278,0:27'53''798,tr,0,0
bh,0:27'53''798,0:27'54''316,br,0,0
bh,0:27'54''316,0:27'54''764,tr,0,0
fl,0:27'54''764,0:27'55''278,br,0,0
fh,0:27'55''278,0:27'56''598,tl,0,0
bh,0:27'56''598,0:27'57''002,bl,0,0
fh,0:27'57''002,0:27'57''399,tl,0,0
bh,0:27'57''399,0:27'57''837,bl,0,0
fl,0:27'57''837,0:27'58''282,tr,0,0
bl,0:27'58''282,0:27'58''878,br,0,0
bl,0:27'58''878,0:27'59''392,tr,0,1
bl,0:28'25''684,0:28'26''825,tr,1,0
fh,0:28'26''825,0:28'27''205,bl,0,1
bl,0:28'46''190,0:28'47''395,br,1,0
fl,0:28'47''395,0:28'47''681,tr,0,0
fh,0:28'47''681,0:28'48''121,bl,0,0
bh,0:28'48''121,0:28'48''797,tl,0,0
fh,0:28'48''797,0:28'49''199,bl,0,0
bl,0:28'49''199,0:28'50''278,tl,0,0
fh,0:28'50''278,0:28'51''358,bl,0,0
bh,0:28'51''358,0:28'51''758,tr,0,0
fh,0:28'51''758,0:28'52''438,bl,0,0
bh,0:28'52''438,0:28'53''440,tl,0,0
fh,0:28'53''440,0:28'55''283,br,0,0
fl,0:28'55''283,0:28'55''881,tr,0,0
fh,0:28'55''881,0:28'56''278,bl,0,0
bh,0:28'56''278,0:28'56''559,tl,0,0
bh,0:28'56''559,0:28'56''998,br,0,0
fl,0:28'56''998,0:28'57''725,tr,0,0
fh,0:28'57''725,0:28'59''039,br,0,0
bh,0:28'59''039,0:28'59''871,tl,0,0
fh,0:28'59''871,0:29'00''675,bl,0,0
fh,0:29'00''675,0:29'01''962,tr,0,0
bh,0:29'01''962,0:29'02''278,br,0,0
bh,0:29'02''278,0:29'02''998,tr,0,0
bh,0:29'02''998,0:29'04''439,br,0,1
bl,0:29'33''137,0:29'34''198,bl,1,0
fh,0:29'34''198,0:29'35''080,tl,0,0
fh,0:29'35''080,0:29'35''599,bl,0,0
fl,0:29'35''599,0:29'36''358,tl,0,0
bh,0:29'36''358,0:29'37''359,bl,0,0
fl,0:29'37''359,0:29'37''958,tl,0,1
bl,0:29'37''958,0:29'38''278,bl,0,0
bl,0:29'54''617,0:29'55''920,tr,1,0
bl,0:29'55''920,0:29'56''278,br,0,0
bh,0:29'56''278,0:29'56''881,tr,0,0
bh,0:29'56''881,0:29'57''233,bl,0,0
bh,0:29'57''233,0:29'57''603,tr,0,0
bh,0:29'57''603,0:29'58''158,bl,0,1
bl,0:30'51''538,0:30'52''758,bl,1,0
fl,0:30'52''758,0:30'53''283,tr,0,0
fl,0:30'53''283,0:30'53''806,br,0,0
bh,0:30'53''806,0:30'54''198,tr,0,0
fh,0:30'54''198,0:30'54''841,br,0,0
fh,0:30'54''841,0:30'55''364,tr,0,0
fh,0:30'55''364,0:30'56''078,br,0,0
bh,0:30'56''078,0:30'56''563,tr,0,0
bh,0:30'56''563,0:30'57''281,bl,0,0
fl,0:30'57''281,0:30'57''958,tl,0,0
fh,0:30'57''958,0:30'59''278,br,0,0
fh,0:30'59''278,0:31'00''317,tr,0,0
bh,0:31'00''317,0:31'00''798,br,0,0
fh,0:31'00''798,0:31'02''558,tr,0,0
fh,0:31'02''558,0:31'03''638,br,0,0
bl,0:31'03''638,0:31'04''238,tr,0,0
fh,0:31'04''238,0:31'05''318,br,0,0
fl,0:31'05''318,0:31'06''316,tr,0,0
fh,0:31'06''316,0:31'07''158,br,0,0
bh,0:31'07''158,0:31'07''718,tr,0,0
bh,0:31'07''718,0:31'08''199,br,0,0
fl,0:31'08''199,0:31'08''918,tr,0,0
bl,0:31'08''918,0:31'09''323,br,0,0
fh,0:31'09''323,0:31'10''478,tl,0,0
bh,0:31'10''478,0:31'10''878,br,0,1
bl,0:30'51''516,0:30'52''713,bl,1,0
fl,0:30'52''713,0:30'53''358,tr,0,0
fl,0:30'53''358,0:30'53''758,br,0,0
bh,0:30'53''758,0:30'54''198,tr,0,0
fh,0:30'54''198,0:30'54''798,br,0,0
bh,0:30'54''798,0:30'55''318,tr,0,0
fh,0:30'55''318,0:30'56''003,br,0,0
bl,0:30'56''003,0:30'56''598,tr,0,0
bh,0:30'56''598,0:30'57''238,bl,0,0
fl,0:30'57''238,0:30'57''878,tl,0,0
fh,0:30'57''878,0:30'59''038,bl,0,0
fh,0:30'59''038,0:31'00''322,tr,0,0
bh,0:31'00''322,0:31'00''882,br,0,0
fh,0:31'00''882,0:31'02''443,tr,0,0
bl,0:31'02''443,0:31'02''918,br,0,0
fh,0:31'02''918,0:31'03''559,tr,0,0
bh,0:31'03''559,0:31'03''818,br,0,0
fh,0:31'03''818,0:31'05''339,tr,0,0
fh,0:31'05''339,0:31'06''120,br,0,0
fh,0:31'06''120,0:31'07''199,tr,0,0
bh,0:31'07''199,0:31'07''838,br,0,0
bh,0:31'07''838,0:31'08''398,tr,0,0
fh,0:31'08''398,0:31'08''878,br,0,0
bl,0:31'08''878,0:31'09''398,tr,0,0
fh,0:31'09''398,0:31'10''438,bl,0,0
bl,0:31'10''438,0:31'09''479,tr,0,0
fh,0:31'09''479,0:31'10''478,bl,0,0
bh,0:31'10''478,0:31'10''798,tr,0,1
bl,0:31'34''751,0:31'35''838,tl,1,0
fl,0:31'35''838,0:31'36''438,bl,0,0
bh,0:31'36''438,0:31'36''718,tl,0,0
fl,0:31'36''718,0:31'37''279,bl,0,0
bh,0:31'37''279,0:31'38''078,tl,0,0
fh,0:31'38''078,0:31'38''877,bl,0,0
bh,0:31'38''877,0:31'39''438,tl,0,0
fh,0:31'39''438,0:31'40''843,bl,0,0
fh,0:31'40''843,0:31'42''118,tr,0,0
fh,0:31'42''118,0:31'43''519,br,0,0
fh,0:31'43''519,0:31'44''669,tr,0,0
fh,0:31'44''669,0:31'45''238,br,0,0
bh,0:31'45''238,0:31'45''998,tr,0,0
fl,0:31'45''998,0:31'46''842,br,0,0
fh,0:31'46''842,0:31'48''242,tl,0,0
bh,0:31'48''242,0:31'49''118,bl,0,0
fh,0:31'49''118,0:31'50''518,tl,0,0
bh,0:31'50''518,0:31'51''203,bl,0,0
bh,0:31'51''203,0:31'51''838,tr,0,0
fh,0:31'51''838,0:31'53''158,br,0,0
fh,0:31'53''158,0:31'54''439,tl,0,0
fl,0:31'54''439,0:31'55''278,br,0,0
fh,0:31'55''278,0:31'56''639,tl,0,0
bh,0:31'56''639,0:31'57''038,bl,0,0
fl,0:31'57''038,0:31'57''554,tr,0,0
bh,0:31'57''554,0:31'58''919,bl,0,0
fh,0:31'58''919,0:32'00''239,tl,0,0
fl,0:32'00''239,0:32'00''998,bl,0,0
fh,0:32'00''998,0:32'02''398,tl,0,0
bl,0:32'02''398,0:32'03''518,bl,0,0
fh,0:32'03''518,0:32'04''958,tr,0,0
bh,0:32'04''958,0:32'05''198,br,0,0
fh,0:32'05''198,0:32'05''923,tr,0,0
bl,0:32'05''923,0:32'06''398,br,0,0
fl,0:32'06''398,0:32'06''878,tr,0,0
bl,0:32'06''878,0:32'07''558,br,0,0
fh,0:32'07''558,0:32'09''081,tl,0,0
bh,0:32'09''081,0:32'09''523,bl,0,1
bl,0:32'49''047,0:32'50''075,bl,1,0
fl,0:32'50''075,0:32'50''398,tl,0,0
bh,0:32'50''398,0:32'50''603,bl,0,0
bh,0:32'50''603,0:32'51''039,tl,0,0
fh,0:32'51''039,0:32'51''522,bl,0,0
bh,0:32'51''522,0:32'52''238,tl,0,0
bl,0:32'52''238,0:32'53''001,bl,0,0
fh,0:32'53''001,0:32'54''440,tl,0,0
bl,0:32'54''440,0:32'55''323,br,0,1
bl,0:33'20''786,0:33'21''958,br,1,0
fl,0:33'21''958,0:33'22''238,tr,0,0
fh,0:33'22''238,0:33'22''598,bl,0,0
bh,0:33'22''598,0:33'22''999,tl,0,0
fh,0:33'22''999,0:33'23''523,br,0,0
bl,0:33'23''523,0:33'23''958,tr,0,0
fh,0:33'23''958,0:33'25''198,br,0,0
bl,0:33'25''198,0:33'25''937,tr,0,0
fh,0:33'25''937,0:33'27''278,br,0,0
bl,0:33'27''278,0:33'27''879,tr,0,0
fh,0:33'27''879,0:33'28''678,bl,0,0
bh,0:33'28''678,0:33'29''078,tl,0,0
fh,0:33'29''078,0:33'29''723,bl,0,0
bh,0:33'29''723,0:33'30''028,tl,0,0
bh,0:33'30''028,0:33'30''603,bl,0,0
bh,0:33'30''603,0:33'30''638,tl,0,0
bl,0:33'30''638,0:33'30''958,bl,0,1
bl,0:34'31''156,0:34'32''398,bl,1,0
fl,0:34'32''398,0:34'32''878,tl,0,0
bh,0:34'32''878,0:34'33''359,bl,0,0
fl,0:34'33''359,0:34'33''958,tl,0,0
fh,0:34'33''958,0:34'35''319,bl,0,0
fl,0:34'35''319,0:34'35''998,tl,0,0
fh,0:34'35''998,0:34'36''558,br,0,0
fl,0:34'36''558,0:34'36''958,tr,0,0
fh,0:34'36''958,0:34'37''438,br,0,0
bl,0:34'37''438,0:34'37''838,tr,0,1
fh,0:34'37''838,0:34'38''411,br,0,0
bl,0:35'08''061,0:35'09''189,tl,1,0
fl,0:35'09''189,0:35'09''518,br,0,0
bh,0:35'09''518,0:35'09''878,tl,0,0
bh,0:35'09''878,0:35'10''398,br,0,0
bh,0:35'10''398,0:35'11''038,tl,0,0
bl,0:35'11''038,0:35'11''709,br,0,0
fl,0:35'11''709,0:35'12''522,tr,0,0
fl,0:35'12''522,0:35'13''272,br,0,0
fh,0:35'13''272,0:35'13''879,tr,0,0
bh,0:35'13''879,0:35'14''238,br,0,0
fh,0:35'14''238,0:35'14''803,tr,0,0
bh,0:35'14''803,0:35'15''198,bl,0,0
fh,0:35'15''198,0:35'15''521,tl,0,0
fl,0:35'15''521,0:35'16''241,bl,0,0
fh,0:35'16''241,0:35'17''798,tl,0,0
bl,0:35'17''798,0:35'18''401,br,0,1
fl,0:35'18''401,0:35'19''078,tr,0,0
bl,0:35'44''136,0:35'45''256,br,1,0
fh,0:35'45''256,0:35'45''883,tr,0,0
fl,0:35'45''883,0:35'46''397,br,0,1
bl,0:36'04''516,0:36'05''684,bl,1,1
fh,0:36'05''684,0:36'06''841,tl,0,0
bl,0:37'16''539,0:37'17''731,bl,1,0
fl,0:37'17''731,0:37'18''363,tl,0,0
fh,0:37'18''363,0:37'18''359,br,0,0
bh,0:37'18''359,0:37'19''043,tr,0,0
bh,0:37'19''043,0:37'19''830,br,0,1
bl,0:37'34''198,0:37'35''205,bl,1,0
fl,0:37'35''205,0:37'35''718,tl,0,0
bl,0:37'35''718,0:37'36''198,bl,0,0
fh,0:37'36''198,0:37'37''278,tl,0,0
bh,0:37'37''278,0:37'37''878,bl,0,0
fh,0:37'37''878,0:37'38''679,tl,0,0
bh,0:37'38''679,0:37'39''798,bl,0,0
fh,0:37'39''798,0:37'39''818,tl,0,0
bh,0:37'39''818,0:37'40''318,bl,0,0
bl,0:37'40''318,0:37'40''958,tr,0,0
bh,0:37'40''958,0:37'41''679,bl,0,0
fh,0:37'41''679,0:37'42''322,tl,0,0
bh,0:37'42''322,0:37'43''240,bl,0,0
fh,0:37'43''240,0:37'43''763,tl,0,0
bh,0:37'43''763,0:37'44''204,bl,0,0
fh,0:37'44''204,0:37'45''118,tr,0,0
fh,0:37'45''118,0:37'45''679,br,0,0
fh,0:37'45''679,0:37'46''038,tl,0,0
bh,0:37'46''038,0:37'46''478,bl,0,0
bh,0:37'46''478,0:37'46''878,tr,0,1
bl,0:37'46''878,0:37'47''839,br,0,0
bl,0:38'15''163,0:38'16''288,tr,1,0
fl,0:38'16''288,0:38'16''878,bl,0,0
fl,0:38'16''878,0:38'17''858,tr,0,0
fl,0:38'17''858,0:38'18''002,br,0,0
fh,0:38'18''002,0:38'18''678,tl,0,0
bh,0:38'18''678,0:38'19''699,br,0,0
fh,0:38'19''699,0:38'20''439,tr,0,1
bl,0:38'41''762,0:38'42''968,tr,1,0
bh,0:38'42''968,0:38'43''418,br,0,1
bl,0:39'07''039,0:39'08''162,br,1,0
fl,0:39'08''162,0:39'08''599,tr,0,0
bh,0:39'08''599,0:39'09''199,bl,0,0
fh,0:39'09''199,0:39'10''518,tl,0,0
bh,0:39'10''518,0:39'11''088,bl,0,0
bl,0:39'11''088,0:39'11''679,tr,0,0
bh,0:39'11''679,0:39'12''359,bl,0,1
bl,0:39'12''359,0:39'12''923,tl,0,0
bl,0:39'40''593,0:39'41''723,bl,1,0
bl,0:39'41''723,0:39'42''122,tl,0,0
bh,0:39'42''122,0:39'42''520,bl,0,0
fh,0:39'42''520,0:39'43''038,tl,0,0
bl,0:39'43''038,0:39'43''879,bl,0,0
bl,0:39'43''879,0:39'44''478,tr,0,0
fl,0:39'44''478,0:39'45''121,br,0,1
bh,0:39'45''121,0:39'45''678,tr,0,0
bl,0:40'12''031,0:40'13''068,br,1,0
fl,0:40'13''068,0:40'13''359,tr,0,0
fl,0:40'13''359,0:40'13''918,br,0,0
fh,0:40'13''918,0:40'15''398,tl,0,0
bl,0:40'15''398,0:40'16''159,br,0,0
fh,0:40'16''159,0:40'17''198,tr,0,1
fl,0:40'17''198,0:40'17''762,br,0,0
bl,0:40'36''117,0:40'37''198,tr,1,0
fl,0:40'37''198,0:40'37''804,bl,0,0
fl,0:40'37''804,0:40'38''358,tr,0,0
bh,0:40'38''358,0:40'38''840,br,0,0
fh,0:40'38''840,0:40'39''242,tl,0,1
bl,0:40'58''039,0:40'59''131,tr,1,0
fh,0:40'59''131,0:40'59''638,br,0,0
bl,0:40'59''638,0:41'00''518,tr,0,0
fh,0:41'00''518,0:41'01''158,br,0,1
bh,0:41'01''158,0:40'01''518,tl,0,0
bl,0:41'21''013,0:41'22''018,bl,1,0
fh,0:41'22''018,0:41'22''719,tl,0,0
fl,0:41'22''719,0:41'23''319,br,0,0
fh,0:41'23''319,0:41'24''158,tr,0,1
bl,0:41'44''195,0:41'45''242,tr,1,0
fl,0:41'45''242,0:41'45''638,bl,0,0
fh,0:41'45''638,0:41'46''118,tl,0,0
bh,0:41'46''118,0:41'46''557,bl,0,0
fh,0:41'46''557,0:41'46''960,tl,0,0
bl,0:41'46''960,0:41'48''040,bl,0,0
fh,0:41'48''040,0:41'49''278,tl,0,0
bh,0:41'49''278,0:41'49''832,bl,0,0
fh,0:41'49''832,0:41'50''352,tl,0,0
bh,0:41'50''352,0:41'50''883,bl,0,0
bh,0:41'50''883,0:41'51''518,tr,0,0
fh,0:41'51''518,0:41'52''678,br,0,0
bl,0:41'52''678,0:41'53''078,tr,0,0
bh,0:41'53''078,0:41'53''802,br,0,0
fl,0:41'53''802,0:41'54''238,tr,0,0
bh,0:41'54''238,0:41'54''754,bl,0,0
fh,0:41'54''754,0:41'55''400,tl,0,0
bh,0:41'55''400,0:41'55''880,bl,0,0
fh,0:41'55''880,0:41'57''123,tl,0,1
bl,0:41'57''123,0:41'57''638,br,0,0
bl,0:42'30''167,0:42'31''358,tr,1,0
bh,0:42'31''358,0:42'31''715,br,0,0
bl,0:42'31''715,0:42'32''234,tr,0,0
fh,0:42'32''234,0:42'33''038,br,0,0
fh,0:42'33''038,0:42'33''518,tr,0,0
fl,0:42'33''518,0:42'34''319,br,0,0
fh,0:42'34''319,0:42'34''818,tr,0,0
fl,0:42'34''818,0:42'35''158,br,0,0
fh,0:42'35''158,0:42'35''918,tr,0,0
bl,0:42'35''918,0:42'36''322,br,0,0
fh,0:42'36''322,0:42'36''758,tr,0,1
bl,0:42'36''758,0:42'37''978,bl,0,0
bl,0:43'00''361,0:43'01''668,tr,1,0
fl,0:43'01''668,0:43'02''238,bl,0,0
bh,0:43'02''238,0:43'02''672,tr,0,0
bh,0:43'02''672,0:43'02''958,bl,0,1
fh,0:43'02''958,0:43'03''598,tl,0,0
bl,0:43'28''316,0:43'29''415,br,1,0
fl,0:43'29''415,0:43'29''838,tr,0,0
fh,0:43'29''838,0:43'30''360,br,0,0
fl,0:43'30''360,0:43'30''718,tl,0,1
bl,0:43'46''638,0:43'47''710,tr,1,0
fh,0:43'47''710,0:43'48''403,br,0,0
bh,0:43'48''403,0:43'48''760,tr,0,0
fl,0:43'48''760,0:43'49''358,br,0,0
fh,0:43'49''358,0:43'49''914,tl,0,0
fl,0:43'49''914,0:43'50''638,bl,0,0
fh,0:43'50''638,0:43'51''118,tl,0,0
bl,0:43'51''118,0:43'51''838,bl,0,0
fh,0:43'51''838,0:43'53''246,tl,0,0
fl,0:43'53''246,0:43'54''159,bl,0,0
fh,0:43'54''159,0:43'55''178,tl,0,0
fh,0:43'55''178,0:43'56''198,br,0,0
fl,0:43'56''198,0:43'56''843,tr,0,0
fh,0:43'56''843,0:43'57''113,br,0,0
fl,0:43'57''113,0:43'57''671,tr,0,0
fh,0:43'57''671,0:43'58''355,br,0,0
bl,0:43'58''355,0:43'59''242,tr,0,0
fh,0:43'59''242,0:44'00''318,bl,0,0
bl,0:44'00''318,0:44'00''798,tl,0,0
fh,0:44'00''798,0:44'02''038,bl,0,0
bl,0:44'02''038,0:44'02''599,tl,0,0
fh,0:44'02''599,0:44'03''202,bl,0,0
fh,0:44'03''202,0:44'03''679,tl,0,0
fh,0:44'03''679,0:44'04''638,br,0,0
bh,0:44'04''638,0:44'04''998,tr,0,0
fl,0:44'04''998,0:44'05''638,br,0,0
fl,0:44'05''638,0:44'06''686,tl,0,0
fh,0:44'06''686,0:44'08''038,bl,0,0
bl,0:44'08''038,0:44'08''600,tl,0,0
fh,0:44'08''600,0:44'09''153,bl,0,0
fh,0:44'09''153,0:44'09''558,tr,0,0
fh,0:44'09''558,0:44'10''199,bl,0,0
bl,0:44'10''199,0:44'10''598,tr,0,0
fh,0:44'10''598,0:44'12''121,br,0,0
bl,0:44'12''121,0:44'11''918,tr,0,0
fh,0:44'11''918,0:44'13''158,br,0,0
bl,0:44'13''158,0:44'13''554,tr,0,0
fh,0:44'13''554,0:44'14''158,br,0,0
fh,0:44'14''158,0:44'14''598,tr,0,0
fh,0:44'14''598,0:44'15''078,br,0,0
bh,0:44'15''078,0:44'15''434,tr,0,0
fh,0:44'15''434,0:44'16''178,br,0,0
bl,0:44'16''178,0:44'16''798,tl,0,0
fh,0:44'16''798,0:44'17''061,br,0,1
bl,0:44'17''061,0:44'18''198,tl,0,0
bl,0:45'28''369,0:45'29''759,br,1,0
fl,0:45'29''759,0:45'30''278,tl,0,0
bh,0:45'30''278,0:45'30''678,bl,0,0
fh,0:45'30''678,0:45'31''003,tl,0,0
fl,0:45'31''003,0:45'31''519,br,0,0
fh,0:45'31''519,0:45'32''879,tr,0,0
fl,0:45'32''879,0:45'33''322,bl,0,0
fh,0:45'33''322,0:45'34''358,tr,0,0
fl,0:45'34''358,0:45'34''878,bl,0,0
fh,0:45'34''878,0:45'36''118,tr,0,0
fh,0:45'36''118,0:45'37''158,bl,0,0
bh,0:45'37''158,0:45'37''638,tl,0,0
bh,0:45'37''638,0:45'38''238,bl,0,0
fl,0:45'38''238,0:45'39''034,tl,0,0
fh,0:45'39''034,0:45'40''278,bl,0,0
bh,0:45'40''278,0:45'40''885,tl,0,0
fh,0:45'40''885,0:45'41''433,br,0,0
fl,0:45'41''433,0:45'41''800,tr,0,0
fl,0:45'41''800,0:45'42''564,bl,0,0
fh,0:45'42''564,0:45'43''321,tr,0,0
bh,0:45'43''321,0:45'43''924,br,0,0
bh,0:45'43''924,0:45'45''078,tr,0,1
bl,0:46'24''672,0:46'25''813,tr,1,0
fl,0:46'25''813,0:46'26''358,bl,0,0
bh,0:46'26''358,0:46'26''798,tr,0,0
bh,0:46'26''798,0:46'27''437,bl,0,0
fh,0:46'27''437,0:48'28''085,tl,0,0
fh,0:48'28''085,0:46'28''558,br,0,0
fh,0:46'28''558,0:46'28''963,tl,0,0
fh,0:46'28''963,0:46'30''001,br,0,0
fh,0:46'30''001,0:46'30''356,tr,0,0
fh,0:46'30''356,0:46'31''031,br,0,0
bh,0:46'31''031,0:46'31''403,tl,0,0
fh,0:46'31''403,0:46'31''959,bl,0,0
fl,0:46'31''959,0:46'32''478,tl,0,0
fh,0:46'32''478,0:46'33''598,bl,0,0
bh,0:46'33''598,0:46'33''882,tl,0,0
fh,0:46'33''882,0:46'34''599,br,0,0
bl,0:46'34''599,0:46'35''078,tr,0,0
fh,0:46'35''078,0:46'35''638,bl,0,1
bl,0:46'35''638,0:46'35''998,tl,0,0
bl,0:47'12''537,0:47'13''785,br,1,0
fl,0:47'13''785,0:47'14''279,tr,0,0
fl,0:47'14''279,0:47'14''718,br,0,1
fl,0:47'14''718,0:47'15''278,tr,0,0
bl,0:47'41''462,0:47'42''659,bl,1,0
fl,0:47'42''659,0:47'42''962,tl,0,0
bl,0:47'42''962,0:47'43''678,bl,0,0
fh,0:47'43''678,0:47'44''998,tr,0,0
fh,0:47'44''998,0:47'45''478,br,0,0
fl,0:47'45''478,0:47'45''798,tr,0,0
fh,0:47'45''798,0:47'46''400,br,0,0
fh,0:47'46''400,0:47'47''039,tl,0,0
fh,0:47'47''039,0:47'47''681,br,0,1
bl,0:47'47''681,0:47'48''318,tr,0,0
bl,0:50'13''593,0:50'14''708,br,1,1
fh,0:50'14''708,0:50'15''278,tr,0,0
bl,0:50'33''017,0:50'34''086,br,1,0
fl,0:50'34''086,0:50'34''478,tr,0,0
bh,0:50'34''478,0:50'35''038,bl,0,0
fh,0:50'35''038,0:50'36''073,tl,0,0
bh,0:50'36''073,0:50'36''642,bl,0,0
fh,0:50'36''642,0:50'38''202,tl,0,0
bh,0:50'38''202,0:50'38''748,br,0,0
fh,0:50'38''748,0:50'39''119,tl,0,1
bl,0:51'05''159,0:51'06''207,tr,1,0
fl,0:51'06''207,0:51'06''878,br,0,0
fh,0:51'06''878,0:51'07''159,tr,0,0
fl,0:51'07''159,0:51'07''518,br,0,0
fh,0:51'07''518,0:51'07''923,tr,0,0
bh,0:51'07''923,0:51'08''518,bl,0,0
fh,0:51'08''518,0:51'09''078,tl,0,0
bh,0:51'09''078,0:51'09''959,bl,0,0
fh,0:51'09''959,0:51'10''598,tl,0,1
bl,0:51'30''036,0:51'31''069,tr,1,0
fh,0:51'31''069,0:51'31''720,br,0,0
bl,0:51'31''720,0:51'32''159,tr,0,0
fh,0:51'32''159,0:51'33''070,br,0,0
bl,0:51'33''070,0:51'33''678,tr,0,0
fl,0:51'33''678,0:51'34''524,br,0,0
fh,0:51'34''524,0:51'35''678,tl,0,0
fh,0:51'35''678,0:51'36''198,bl,0,0
fh,0:51'36''198,0:51'36''638,tl,0,0
bh,0:51'36''638,0:51'36''999,bl,0,0
bh,0:51'36''999,0:51'37''558,tr,0,0
bh,0:51'37''558,0:51'38''149,br,0,0
bl,0:51'38''149,0:51'39''082,tr,0,0
fh,0:51'39''082,0:51'41''038,br,0,1
bl,0:52'08''294,0:52'09''354,bl,1,0
bl,0:52'09''354,0:52'09''838,tl,0,1
bh,0:52'09''838,0:52'10''599,bl,0,0
bl,0:52'32''671,0:52'33''972,tr,1,0
fl,0:52'33''972,0:52'34''598,bl,0,0
fl,0:52'34''598,0:52'35''039,tl,0,0
fh,0:52'35''039,0:52'35''518,bl,0,0
fh,0:52'35''518,0:52'35''919,tl,0,0
bh,0:52'35''919,0:52'36''198,bl,0,0
bl,0:53'00''635,0:53'01''984,tr,1,1
fl,0:53'01''984,0:53'02''198,br,0,0
bl,0:53'22''527,0:53'23''703,tl,1,0
fl,0:53'23''703,0:53'24''359,br,0,0
fh,0:53'24''359,0:53'24''838,tl,0,0
bh,0:53'24''838,0:53'25''238,bl,0,0
bh,0:53'25''238,0:53'25''678,tr,0,0
fl,0:53'25''678,0:53'26''278,br,0,0
fh,0:53'26''278,0:53'27''278,tr,0,0
fl,0:53'27''278,0:53'27''638,bl,0,0
bh,0:53'27''638,0:53'28''278,tr,0,0
fl,0:53'28''278,0:53'29''199,br,0,0
fh,0:53'29''199,0:53'29''838,tr,0,0
bl,0:53'29''838,0:53'30''597,br,0,0
fl,0:53'30''597,0:53'30''878,tr,0,1
bl,0:53'30''878,0:53'31''363,br,0,0
bl,0:54'24''637,0:54'25''845,tr,1,1
bl,0:54'25''845,0:54'26''478,br,0,0
bl,0:54'54''734,0:54'55''959,tl,1,0
fl,0:54'55''959,0:54'56''282,bl,0,0
fl,0:54'56''282,0:54'56''713,tl,0,0
fh,0:54'56''713,0:54'57''398,bl,0,1
bl,0:55'13''369,0:55'14''598,bl,1,0
fl,0:55'14''598,0:55'14''838,tr,0,0
bh,0:55'14''838,0:55'15''798,bl,0,0
fl,0:55'15''798,0:55'16''641,tl,0,0
bh,0:55'16''641,0:55'17''038,bl,0,0
fl,0:55'17''038,0:55'17''282,tl,0,1
bl,0:55'36''359,0:55'37''531,tr,1,0
fh,0:55'37''531,0:55'38''198,br,0,1
bl,0:55'55''716,0:55'56''874,bl,1,0
bl,0:56'15''630,0:56'16''821,tl,1,0
fl,0:56'16''821,0:56'17''558,bl,0,0
fl,0:56'17''558,0:56'17''958,tl,0,0
bh,0:56'17''958,0:56'18''439,bl,0,0
bl,0:56'18''439,0:56'19''199,tr,0,0
fh,0:56'19''199,0:56'20''402,br,0,0
bl,0:56'20''402,0:56'21''003,tr,0,0
fh,0:56'21''003,0:56'21''563,br,0,0
bh,0:56'21''563,0:56'22''083,tl,0,0
fl,0:56'22''083,0:56'23''760,br,0,0
fh,0:56'23''760,0:56'25''034,tr,0,0
bl,0:56'25''034,0:56'25''559,bl,0,0
fh,0:56'25''559,0:56'25''998,tl,0,0
fh,0:56'25''998,0:56'26''318,bl,0,0
fh,0:56'26''318,0:56'26''839,tr,0,0
bh,0:56'26''839,0:56'27''239,bl,0,0
fh,0:56'27''239,0:56'28''237,tr,0,0
bl,0:56'28''237,0:56'29''137,bl,0,0
fh,0:56'29''137,0:56'29''638,tl,0,0
bl,0:56'29''638,0:56'30''391,bl,0,1
fh,0:56'30''391,0:56'32''278,tl,0,0
bl,0:57'02''739,0:57'03''918,br,1,0
fl,0:57'03''918,0:57'04''313,tr,0,0
bh,0:57'04''313,0:57'05''078,bl,0,0
fl,0:57'05''078,0:57'05''682,tl,0,0
bl,0:57'05''682,0:57'06''638,bl,0,0
fh,0:57'06''638,0:57'06''958,tr,0,0
bh,0:57'06''958,0:57'07''359,bl,0,0
fh,0:57'07''359,0:57'08''004,tl,0,0
bl,0:57'08''004,0:57'08''518,br,0,0
fh,0:57'08''518,0:57'09''723,tr,0,0
fl,0:57'09''723,0:57'10''319,br,0,0
fh,0:57'10''319,0:57'11''034,tl,0,0
bl,0:57'11''034,0:57'11''523,bl,0,0
fh,0:57'11''523,0:57'12''090,tl,0,0
bl,0:57'12''090,0:57'12''720,bl,0,0
bh,0:57'12''720,0:57'13''118,tl,0,0
fh,0:57'13''118,0:57'13''762,bl,0,1
bl,0:57'39''427,0:57'40''642,bl,1,0
bh,0:57'40''642,0:57'40''881,tl,0,0
bh,0:57'40''881,0:57'41''398,bl,0,1
fh,0:57'41''398,0:57'41''678,tl,0,0
bl,0:58'06''267,0:58'07''394,bl,1,0
fl,0:58'07''394,0:58'07''843,tr,0,0
bh,0:58'07''843,0:58'08''564,bl,0,0
fh,0:58'08''564,0:58'08''918,tl,0,0
bh,0:58'08''918,0:58'09''359,bl,0,0
bh,0:58'09''359,0:58'10''758,tr,0,1
fh,0:58'10''758,0:58'11''598,br,0,0
bl,0:58'48''639,0:58'49''741,tr,1,0
fl,0:58'49''741,0:58'50''318,br,0,0
bl,0:58'50''318,0:58'50''723,tr,0,0
fh,0:58'50''723,0:58'51''724,br,0,1
fh,0:58'51''724,0:58'52''238,tl,0,0
bl,0:59'08''537,0:59'09''972,bl,1,0
fh,0:59'09''972,0:59'10''724,tl,0,0
bh,0:59'10''724,0:59'11''238,bl,0,0
fh,0:59'11''238,0:59'11''718,tl,0,0
bl,0:59'11''718,0:59'12''478,bl,0,0
fh,0:59'12''478,0:59'12''958,tl,0,0
fl,0:59'12''958,0:59'13''639,bl,0,0
fh,0:59'13''639,0:59'14''278,tl,0,1
bl,1:00'45''238,1:00'46''360,br,1,0
fl,1:00'46''360,1:00'46''878,tr,0,0
fh,1:00'46''878,1:00'47''318,br,0,1
fl,1:00'47''318,1:00'47''758,tr,0,0
bl,1:01'09''249,1:01'10''306,bl,1,0
bl,1:01'10''306,1:01'10''678,tl,0,0
bh,1:01'10''678,1:01'11''198,bl,0,1
fh,1:01'11''198,1:01'11''522,tl,0,0
bl,1:01'32''352,1:01'33''434,br,1,0
fl,1:01'33''434,1:01'33''598,tr,0,1
bh,1:01'33''598,1:01'34''002,bl,0,0
bl,1:01'49''637,1:01'50''718,tr,1,0
fh,1:01'50''718,1:01'51''078,br,0,0
bh,1:01'51''078,1:01'51''679,tr,0,0
bh,1:01'51''679,1:01'52''192,bl,0,0
fh,1:01'52''192,1:01'52''678,tl,0,0
fh,1:01'52''678,1:01'53''918,br,0,0
fh,1:01'53''918,1:01'54''439,tr,0,0
fh,1:01'54''439,1:01'55''442,br,0,0
fh,1:01'55''442,1:01'55''838,tr,0,0
bh,1:01'55''838,1:01'56''196,br,0,0
fh,1:01'56''196,1:01'56''678,tr,0,0
fl,1:01'56''678,1:01'57''158,bl,0,0
fh,1:01'57''158,1:01'57''562,tr,0,0
bl,1:01'57''562,1:01'58''518,br,0,0
fh,1:01'58''518,1:01'59''718,tr,0,0
bh,1:01'59''718,1:02'00''243,br,0,0
fh,1:02'00''243,1:02'01''358,tl,0,0
fh,1:02'01''358,1:02'02''078,br,0,0
fh,1:02'02''078,1:02'02''478,tr,0,0
fh,1:02'02''478,1:02'03''036,br,0,0
bl,1:02'03''036,1:02'03''601,tr,0,0
fh,1:02'03''601,1:02'04''559,br,0,0
fh,1:02'04''559,1:02'05''402,tl,0,0
bh,1:02'05''402,1:02'05''882,bl,0,0
fh,1:02'05''882,1:02'07''278,tl,0,0
bl,1:02'07''278,1:02'07''882,bl,0,0
fh,1:02'07''882,1:02'08''443,tl,0,0
bh,1:02'08''443,1:02'09''319,br,0,0
bh,1:02'09''319,1:02'09''842,tr,0,0
fl,1:02'09''842,1:02'10''838,bl,0,0
fh,1:02'10''838,1:02'12''158,tr,0,0
fl,1:02'12''158,1:02'12''757,br,0,0
bh,1:02'12''757,1:02'13''439,tr,0,0
fh,1:02'13''439,1:02'14''239,br,0,0
bl,1:02'14''239,1:02'14''519,tr,0,0
fl,1:02'14''519,1:02'15''079,br,0,0
bh,1:02'15''079,1:02'15''599,tr,0,1
fl,1:02'15''599,1:02'16''478,br,0,0
bl,1:02'51''416,1:02'52''685,tr,1,0
bh,1:02'52''685,1:02'52''720,br,0,0
bh,1:02'52''720,1:02'53''438,tr,0,0
fh,1:02'53''438,1:02'54''720,br,0,0
bl,1:02'54''720,1:02'55''202,tl,0,0
fh,1:02'55''202,1:02'56''002,br,0,0
fl,1:02'56''002,1:02'56''526,tr,0,0
bl,1:02'56''526,1:02'56''721,bl,0,0
bh,1:02'56''721,1:02'57''398,tr,0,0
bh,1:02'57''398,1:02'58''203,bl,0,0
bh,1:02'58''203,1:02'58''558,tl,0,0
bh,1:02'58''558,1:02'59''038,bl,0,0
fh,1:02'59''038,1:02'59''483,tl,0,0
bh,1:02'59''483,1:03'00''478,bl,0,0
fh,1:03'00''478,1:03'00''758,tl,0,0
bl,1:03'00''758,1:03'01''524,bl,0,0
fh,1:03'01''524,1:03'02''518,tl,0,1
bl,1:03'02''518,1:03'03''127,br,0,0
bl,1:03'27''639,1:03'28''809,tr,1,0
fl,1:03'28''809,1:03'29''076,bl,0,0
fl,1:03'29''076,1:03'29''478,tr,0,0
fl,1:03'29''478,1:03'30''117,br,0,0
fh,1:03'30''117,1:03'30''597,tl,0,0
bl,1:03'30''597,1:03'31''158,bl,0,0
fh,1:03'31''158,1:03'32''000,tr,0,1
bh,1:03'32''000,1:03'32''438,br,0,0
bl,1:03'55''019,1:03'56''038,tr,1,0
bh,1:03'56''038,1:03'56''401,br,0,0
bl,1:03'56''401,1:03'56''758,tr,0,0
fh,1:03'56''758,1:03'57''558,br,0,0
fh,1:03'57''558,1:03'58''358,tr,0,0
bh,1:03'58''358,1:03'58''958,br,0,0
bh,1:03'58''958,1:03'59''638,tr,0,0
fl,1:03'59''638,1:04'00''558,br,0,0
fh,1:04'00''558,1:04'01''318,tr,0,1
bh,1:04'01''318,1:04'01''798,br,0,0
bl,1:04'33''846,1:04'34''937,tr,1,0
fh,1:04'34''937,1:04'35''398,bl,0,0
bh,1:04'35''398,1:04'35''798,tr,0,0
fl,1:04'35''798,1:04'36''282,br,0,0
fh,1:04'36''282,1:04'37''040,tr,0,0
bl,1:04'37''040,1:04'37''918,br,0,0
fh,1:04'37''918,1:04'38''398,tr,0,0
fl,1:04'38''398,1:04'39''039,br,0,0
fh,1:04'39''039,1:04'39''799,tl,0,0
fl,1:04'39''799,1:04'40''080,br,0,0
fl,1:04'40''080,1:04'41''439,tl,0,1
bl,1:05'14''537,1:05'15''750,tl,1,0
bl,1:05'31''627,1:05'32''990,br,1,0
fh,1:05'32''990,1:05'33''552,tr,0,0
bl,1:05'33''552,1:05'34''081,br,0,0
fh,1:05'34''081,1:05'34''558,tr,0,0
bl,1:05'34''558,1:05'34''959,br,0,0
fh,1:05'34''959,1:05'35''360,tr,0,0
bh,1:05'35''360,1:05'35''835,bl,0,0
bh,1:05'35''835,1:05'36''324,tl,0,0
bh,1:05'36''324,1:05'36''562,bl,0,0
fh,1:05'36''562,1:05'37''001,tl,0,0
fl,1:05'37''001,1:05'37''598,bl,0,0
fh,1:05'37''598,1:05'37''598,tl,0,0
bh,1:05'37''598,1:05'38''158,bl,0,0
fh,1:05'38''158,1:05'39''078,tl,0,0
bl,1:05'39''078,1:05'39''476,bl,0,0
fh,1:05'39''476,1:05'40''198,tl,0,0
bh,1:05'40''198,1:05'40''638,bl,0,0
fh,1:05'40''638,1:05'41''201,tl,0,1
bl,1:06'10''269,1:06'11''411,tr,1,0
fh,1:06'11''411,1:06'11''798,bl,0,0
bh,1:06'11''798,1:06'12''438,tr,0,1
bl,1:06'38''628,1:06'39''738,tr,1,0
fl,1:06'39''738,1:06'39''758,br,0,0
bh,1:06'39''758,1:06'40''678,tl,0,0
fh,1:06'40''678,1:06'41''642,bl,0,0
bl,1:06'41''642,1:06'42''281,tl,0,0
fh,1:06'42''281,1:06'43''038,bl,0,1
bl,1:07'08''267,1:07'09''431,br,1,0
bh,1:07'09''431,1:07'09''678,tr,0,0
bh,1:07'09''678,1:07'10''236,br,0,0
fh,1:07'10''236,1:07'11''242,tr,0,0
bl,1:07'11''242,1:07'11''640,br,0,0
fh,1:07'11''640,1:07'12''518,tl,0,0
bh,1:07'12''518,1:07'12''956,bl,0,0
fh,1:07'12''956,1:07'13''878,tl,0,0
bl,1:07'13''878,1:07'14''363,bl,0,0
fh,1:07'14''363,1:07'15''119,tl,0,1
bl,1:07'40''761,1:07'41''912,tl,1,0
bl,1:07'41''912,1:07'42''478,bl,0,0
bh,1:07'42''478,1:07'43''164,tl,0,0
fl,1:07'43''164,1:07'43''799,bl,0,0
bh,1:07'43''799,1:07'44''363,tl,0,0
fh,1:07'44''363,1:07'44''918,bl,0,1
fh,1:07'44''918,1:07'45''393,tl,0,0
bl,1:08'11''267,1:08'12''344,br,1,0
fl,1:08'12''344,1:08'12''357,tr,0,0
bl,1:08'12''357,1:08'13''362,bl,0,0
fh,1:08'13''362,1:08'14''238,tl,0,0
fh,1:08'14''238,1:08'14''802,bl,0,0
fh,1:08'14''802,1:08'15''279,tl,0,0
fh,1:08'15''279,1:08'15''598,bl,0,0
fh,1:08'15''598,1:08'16''118,tl,0,0
bl,1:08'16''118,1:08'16''958,bl,0,0
fh,1:08'16''958,1:08'17''999,tr,0,0
fl,1:08'17''999,1:08'18''559,bl,0,0
bh,1:08'18''559,1:08'19''310,tr,0,0
bl,1:08'19''310,1:08'20''118,bl,0,0
fh,1:08'20''118,1:08'21''593,tl,0,0
fh,1:08'21''593,1:08'22''398,bl,0,0
fh,1:08'22''398,1:08'22''470,tl,0,1
bl,1:08'22''470,1:08'23''077,bl,0,0
bl,1:09'04''369,1:09'05''640,tl,1,0
bh,1:09'05''640,1:09'05''918,bl,0,0
bh,1:09'05''918,1:09'06''443,tr,0,0
fh,1:09'06''443,1:09'07''558,bl,0,0
fh,1:09'07''558,1:09'07''998,tl,0,0
bh,1:09'07''998,1:09'08''432,bl,0,0
fl,1:09'08''432,1:09'08''918,tl,0,0
fh,1:09'08''918,1:09'09''998,br,0,0
bh,1:09'09''998,1:09'10''762,tr,0,0
fh,1:09'10''762,1:09'11''598,br,0,0
fh,1:09'11''598,1:09'11''998,tr,0,0
fl,1:09'11''998,1:09'12''478,br,0,1
bl,1:10'21''392,1:10'22''528,bl,1,0
bl,1:10'40''409,1:10'41''601,tr,1,0
fl,1:10'41''601,1:10'42''238,br,0,0
bh,1:10'42''238,1:10'42''599,tr,0,0
fh,1:10'42''599,1:10'42''951,br,0,0
bh,1:10'42''951,1:10'43''278,tr,0,0
fh,1:10'43''278,1:10'43''803,bl,0,0
fh,1:10'43''803,1:10'43''998,tl,0,0
fl,1:10'43''998,1:10'45''478,br,0,0
fl,1:10'45''478,1:10'46''438,tl,0,0
fh,1:10'46''438,1:10'47''758,bl,0,0
bl,1:10'47''758,1:10'48''198,tl,0,0
fh,1:10'48''198,1:10'48''840,br,0,0
bl,1:10'48''840,1:10'49''164,tl,0,0
fh,1:10'49''164,1:10'49''879,bl,0,1
bl,1:10'49''879,1:10'50''438,tl,0,0
bl,1:11'19''103,1:11'20''194,bl,1,0
fl,1:11'20''194,1:11'20''518,tr,0,0
fl,1:11'20''518,1:11'21''113,bl,0,0
fh,1:11'21''113,1:11'21''558,tl,0,0
bl,1:11'21''558,1:11'22''078,bl,0,0
fh,1:11'22''078,1:11'22''954,tl,0,0
bh,1:11'22''954,1:11'23''439,br,0,0
fh,1:11'23''439,1:11'24''438,tl,0,0
bh,1:11'24''438,1:11'25''123,br,0,0
bh,1:11'25''123,1:11'25''878,tr,0,0
bh,1:11'25''878,1:11'26''443,bl,0,0
fl,1:11'26''443,1:11'27''199,tl,0,0
fh,1:11'27''199,1:11'27''599,bl,0,0
bh,1:11'27''599,1:11'27''923,tl,0,0
bh,1:11'27''923,1:11'28''482,bl,0,0
bh,1:11'28''482,1:11'29''123,tr,0,0
fh,1:11'29''123,1:11'29''998,br,0,0
bh,1:11'29''998,1:11'30''601,tr,0,0
fl,1:11'30''601,1:11'31''399,br,0,0
fh,1:11'31''399,1:11'32''798,tr,0,0
bh,1:11'32''798,1:11'33''238,br,0,0
bh,1:11'33''238,1:11'34''038,tr,0,0
fl,1:11'34''038,1:11'34''878,br,0,0
fh,1:11'34''878,1:11'36''158,tr,0,0
bl,1:11'36''158,1:11'36''720,br,0,0
bh,1:11'36''720,1:11'37''798,tr,0,0
fl,1:11'37''798,1:11'38''793,br,0,0
fh,1:11'38''793,1:11'40''038,tr,0,1
bh,1:11'40''038,1:11'40''559,br,0,0
bl,1:12'20''726,1:12'21''991,tl,1,0
fh,1:12'21''991,1:12'22''358,bl,0,0
bh,1:12'22''358,1:12'22''799,tl,0,0
fh,1:12'22''799,1:12'23''523,bl,0,0
bl,1:12'23''523,1:12'24''118,tl,0,0
fh,1:12'24''118,1:12'25''321,br,0,0
bl,1:12'25''321,1:12'25''798,tr,0,0
fh,1:12'25''798,1:12'26''398,bl,0,0
bl,1:12'26''398,1:12'26''838,tl,0,1
fh,1:12'26''838,1:12'27''279,br,0,0
bl,1:12'57''036,1:12'58''198,tr,1,0
fh,1:12'58''198,1:12'58''758,br,0,1
bl,1:13'39''153,1:13'40''243,bl,1,0
fl,1:13'40''243,1:13'40''798,tl,0,0
fl,1:13'40''798,1:13'41''119,br,0,0
fh,1:13'41''119,1:13'42''200,tr,0,0
fl,1:13'42''200,1:13'42''758,bl,0,0
fl,1:13'42''758,1:13'43''418,tr,0,0
fh,1:13'43''418,1:13'43''798,bl,0,0
fh,1:13'43''798,1:13'44''278,tl,0,0
fh,1:13'44''278,1:13'44''758,bl,0,0
fh,1:13'44''758,1:13'45''158,tl,0,0
fh,1:13'45''158,1:13'45''518,bl,0,0
bh,1:13'45''518,1:13'46''618,tl,0,0
fh,1:13'46''618,1:13'47''019,bl,0,0
fh,1:13'47''019,1:13'47''598,tl,0,0
fh,1:13'47''598,1:13'47''998,br,0,0
bh,1:13'47''998,1:13'48''319,tr,0,1
bl,1:14'38''534,1:14'39''727,tr,1,0
fh,1:14'39''727,1:14'40''158,bl,0,1
bl,1:14'40''158,1:14'40''746,tl,0,0
bl,1:15'05''361,1:15'06''759,bl,1,0
fl,1:15'06''759,1:15'07''358,tr,0,0
fh,1:15'07''358,1:15'07''757,br,0,0
bh,1:15'07''757,1:15'08''040,tr,0,0
bh,1:15'08''040,1:15'08''723,bl,0,0
bh,1:15'08''723,1:15'09''158,tr,0,0
fh,1:15'09''158,1:15'09''471,br,0,0
fh,1:15'09''471,1:15'09''958,tl,0,1
bl,1:16'02''764,1:16'03''983,tr,1,0
fh,1:16'03''983,1:16'04''517,br,0,0
bh,1:16'04''517,1:16'04''838,tr,0,0
fh,1:16'04''838,1:16'05''317,br,0,0
bh,1:16'05''317,1:16'05''639,tr,0,0
fh,1:16'05''639,1:16'06''124,bl,0,0
bh,1:16'06''124,1:16'06''518,tl,0,0
bh,1:16'06''518,1:16'06''998,bl,0,0
bh,1:16'06''998,1:16'07''478,tr,0,0
bh,1:16'07''478,1:16'08''151,bl,0,1
fl,1:16'08''151,1:16'08''598,tr,0,0
bl,1:16'41''375,1:16'42''638,bl,1,0
fl,1:16'42''638,1:16'42''879,tl,0,0
bh,1:16'42''879,1:16'43''363,br,0,0
fh,1:16'43''363,1:16'43''838,tr,0,1
bl,1:17'11''385,1:17'12''699,tl,1,0
fh,1:17'12''699,1:17'13''038,bl,0,0
fl,1:17'13''038,1:17'13''719,tl,0,0
fh,1:17'13''719,1:17'15''281,br,0,0
bl,1:17'15''281,1:17'15''878,tr,0,0
fh,1:17'15''878,1:17'16''518,br,0,0
bl,1:17'16''518,1:17'17''043,tr,0,0
fh,1:17'17''043,1:17'18''238,br,0,0
bl,1:17'18''238,1:17'18''711,tl,0,0
fh,1:17'18''711,1:17'19''358,bl,0,0
bh,1:17'19''358,1:17'19''878,tl,0,0
fh,1:17'19''878,1:17'20''318,br,0,0
bh,1:17'20''318,1:17'20''879,tl,0,0
bh,1:17'20''879,1:17'21''439,bl,0,0
fl,1:17'21''439,1:17'21''918,tr,0,0
fh,1:17'21''918,1:17'23''275,br,0,0
bl,1:17'23''275,1:17'23''758,tr,0,0
fh,1:17'23''758,1:17'24''358,br,0,0
bl,1:17'24''358,1:17'25''188,tl,0,0
fh,1:17'25''188,1:17'25''920,bl,0,0
bl,1:17'25''920,1:17'26''369,tl,0,0
fh,1:17'26''369,1:17'26''871,br,0,0
bl,1:17'26''871,1:17'27''478,tl,0,0
fh,1:17'27''478,1:17'27''804,bl,0,0
bl,1:17'27''804,1:17'28''238,tl,0,0
fh,1:17'28''238,1:17'28''762,br,0,1
bl,1:18'11''168,1:18'12''353,bl,1,0
fh,1:18'12''353,1:18'12''799,tl,0,0
bh,1:18'12''799,1:18'13''220,bl,0,0
bh,1:18'13''220,1:18'13''678,tr,0,0
bh,1:18'13''678,1:18'14''079,bl,0,0
fh,1:18'14''079,1:18'14''439,tl,0,0
bh,1:18'14''439,1:18'14''911,bl,0,0
fh,1:18'14''911,1:18'15''151,tl,0,0
fh,1:18'15''151,1:18'15''960,br,0,0
bh,1:18'15''960,1:18'16''440,tr,0,0
fh,1:18'16''440,1:18'17''319,bl,0,0
fh,1:18'17''319,1:18'17''723,tl,0,0
bh,1:18'17''723,1:18'18''241,bl,0,0
bh,1:18'18''241,1:18'18''683,tr,0,0
bh,1:18'18''683,1:18'19''558,bl,0,0
fh,1:18'19''558,1:18'19''958,tl,0,1
fl,1:18'19''958,1:18'20''318,bl,0,0
bl,1:19'20''328,1:19'21''550,tr,1,0
fl,1:19'21''550,1:19'22''001,br,0,0
bl,1:19'22''001,1:19'22''276,tr,0,0
fh,1:19'22''276,1:19'22''598,br,0,0
bh,1:19'22''598,1:19'22''998,tr,0,0
fh,1:19'22''998,1:19'23''398,bl,0,0
fh,1:19'23''398,1:19'23''881,tl,0,0
fh,1:19'23''881,1:19'24''918,br,0,0
bh,1:19'24''918,1:19'25''198,tr,0,0
fh,1:19'25''198,1:19'25''398,br,0,1
fh,1:19'25''398,1:19'25''998,tr,0,0
bl,1:19'56''318,1:19'57''668,bl,1,1
fh,1:19'57''668,1:19'57''881,tl,0,0
bl,1:20'28''382,1:20'29''439,br,1,0
bh,1:20'29''439,1:20'30''158,tr,0,0
bh,1:20'30''158,1:20'30''518,br,0,0
bh,1:20'30''518,1:20'31''118,tl,0,0
fh,1:20'31''118,1:20'31''598,bl,0,0
fh,1:20'31''598,1:20'32''038,tl,0,0
fh,1:20'32''038,1:20'32''510,bl,0,0
bh,1:20'32''510,1:20'31''918,tr,0,0
fh,1:20'31''918,1:20'33''642,br,0,0
fh,1:20'33''642,1:20'34''482,tl,0,0
fl,1:20'34''482,1:20'35''160,bl,0,0
bh,1:20'35''160,1:20'35''798,tl,0,0
fh,1:20'35''798,1:20'37''158,br,0,0
bh,1:20'37''158,1:20'37''639,tr,0,0
bh,1:20'37''639,1:20'38''278,br,0,0
fh,1:20'38''278,1:20'38''998,tr,0,0
bh,1:20'38''998,1:20'39''318,br,0,0
fh,1:20'39''318,1:20'39''804,tr,0,0
bl,1:20'39''804,1:20'40''239,br,0,0
bl,1:20'40''239,1:20'40''838,tr,0,0
bl,1:20'40''838,1:20'41''318,br,0,0
bl,1:20'41''318,1:20'42''160,tr,0,0
fh,1:20'42''160,1:20'42''878,br,0,0
bh,1:20'42''878,1:20'43''440,tl,0,0
bh,1:20'43''440,1:20'44''320,bl,0,0
fh,1:20'44''320,1:20'44''801,tl,0,0
fh,1:20'44''801,1:20'45''319,bl,0,0
fh,1:20'45''319,1:20'45''677,tr,0,0
bh,1:20'45''677,1:20'46''518,bl,0,0
bl,1:20'46''518,1:20'47''204,tr,0,0
fh,1:20'47''204,1:20'48''039,br,0,0
fl,1:20'48''039,1:20'48''400,tr,0,0
fh,1:20'48''400,1:20'48''871,br,0,0
bh,1:20'48''871,1:20'49''284,tr,0,0
bh,1:20'49''284,1:20'49''958,bl,0,0
fl,1:20'49''958,1:20'50''558,tr,0,0
bh,1:20'50''558,1:20'50''798,br,0,0
bh,1:20'50''798,1:20'50''882,tr,0,0
fh,1:20'50''882,1:20'51''158,br,0,0
bh,1:20'51''158,1:20'51''678,tr,0,0
fh,1:20'51''678,1:20'52''044,bl,0,0
fh,1:20'52''044,1:20'52''482,tl,0,0
bl,1:20'52''482,1:20'53''198,bl,0,0
fh,1:20'53''198,1:20'54''318,tl,0,0
bl,1:20'54''318,1:20'54''720,bl,0,0
fh,1:20'54''720,1:20'55''359,tl,0,0
bh,1:20'55''359,1:20'55''718,bl,0,0
bh,1:20'55''718,1:20'56''398,tl,0,0
fh,1:20'56''398,1:20'56''805,bl,0,1
